indicatif OMM;echeance;temperature;temps present;direction du vent;force du vent;pression
07005;2012-11-13 18:00:00;101;10;120;41;102960
07005;2012-11-14 00:00:00;79;0;130;46;102950
07005;2012-11-14 06:00:00;45;2;90;26;102790
07005;2012-11-14 12:00:00;96;2;90;36;102610
07005;2012-11-14 18:00:00;59;0;110;31;102570
07005;2012-11-15 00:00:00;60;0;0;0;102520
07005;2012-11-15 06:00:00;57;2;80;26;102400
07005;2012-11-15 12:00:00;55;2;100;26;102310
07005;2012-11-15 18:00:00;48;0;120;31;102170
07005;2012-11-16 00:00:00;44;10;150;36;101990
07005;2012-11-16 06:00:00;41;47;140;36;101860
07005;2012-11-16 12:00:00;48;10;130;62;101640
07005;2012-11-16 18:00:00;43;10;130;57;101460
07005;2012-11-17 00:00:00;46;45;140;72;101130
07005;2012-11-17 06:00:00;59;10;150;51;100960
07005;2012-11-17 12:00:00;100;2;180;36;100900
07005;2012-11-17 18:00:00;96;0;150;26;100930
07005;2012-11-18 00:00:00;84;58;340;46;101080
07005;2012-11-18 06:00:00;75;61;310;15;101250
07005;2012-11-18 12:00:00;94;1;30;41;101480
07005;2012-11-18 18:00:00;58;0;80;15;101670
07005;2012-11-19 00:00:00;28;10;100;21;101690
07005;2012-11-19 06:00:00;39;45;120;36;101490
07005;2012-11-19 12:00:00;75;10;140;31;101400
07005;2012-11-19 18:00:00;92;0;140;31;101430
07005;2012-11-20 00:00:00;81;0;150;41;101460
07005;2012-11-20 06:00:00;78;2;140;51;101420
07005;2012-11-20 12:00:00;114;2;150;67;101420
07015;2012-11-13 18:00:00;84;2;170;31;103030
07015;2012-11-14 00:00:00;75;1;170;5;103010
07015;2012-11-14 06:00:00;44;43;80;21;102850
07015;2012-11-14 12:00:00;101;2;140;21;102690
07015;2012-11-14 18:00:00;50;10;230;15;102600
07015;2012-11-15 00:00:00;26;41;130;5;102530
07015;2012-11-15 06:00:00;47;10;110;10;102450
07015;2012-11-15 12:00:00;58;2;130;21;102320
07015;2012-11-15 18:00:00;45;2;140;21;102210
07015;2012-11-16 00:00:00;43;2;190;36;102040
07015;2012-11-16 06:00:00;32;3;190;26;101920
07015;2012-11-16 12:00:00;35;10;180;41;101760
07015;2012-11-16 18:00:00;34;10;180;36;101540
07015;2012-11-17 00:00:00;27;2;170;41;101200
07015;2012-11-17 06:00:00;34;47;190;51;101040
07015;2012-11-17 12:00:00;68;10;180;46;100950
07015;2012-11-17 18:00:00;84;10;190;15;100960
07015;2012-11-18 00:00:00;86;61;310;21;101000
07015;2012-11-18 06:00:00;81;58;30;15;101180
07015;2012-11-18 12:00:00;91;1;360;31;101470
07015;2012-11-18 18:00:00;45;2;140;5;101690
07015;2012-11-19 00:00:00;42;47;70;15;101730
07015;2012-11-19 06:00:00;52;47;120;21;101520
07015;2012-11-19 12:00:00;84;3;180;31;101430
07015;2012-11-19 18:00:00;97;2;180;41;101470
07015;2012-11-20 00:00:00;106;2;190;41;101500
07015;2012-11-20 06:00:00;83;1;180;36;101500
07015;2012-11-20 12:00:00;119;2;190;62;101500
07020;2012-11-13 18:00:00;105;3;160;26;102800
07020;2012-11-14 00:00:00;108;2;160;46;102730
07020;2012-11-14 06:00:00;72;2;120;5;102550
07020;2012-11-14 12:00:00;120;2;90;62;102450
07020;2012-11-14 18:00:00;86;2;110;57;102360
07020;2012-11-15 00:00:00;77;2;110;36;102400
07020;2012-11-15 06:00:00;74;2;120;41;102310
07020;2012-11-15 12:00:00;92;2;100;46;102200
07020;2012-11-15 18:00:00;80;2;120;41;102030
07020;2012-11-16 00:00:00;59;1;110;21;101900
07020;2012-11-16 06:00:00;68;10;120;41;101650
07020;2012-11-16 12:00:00;140;2;180;41;101380
07020;2012-11-16 18:00:00;127;2;180;82;101010
07020;2012-11-17 00:00:00;117;10;190;72;100900
07020;2012-11-17 06:00:00;132;2;210;67;100780
07020;2012-11-17 12:00:00;123;2;340;46;100920
07020;2012-11-17 18:00:00;117;21;340;51;101050
07020;2012-11-18 00:00:00;107;-999;350;72;101320
07020;2012-11-18 06:00:00;95;2;20;57;101460
07020;2012-11-18 12:00:00;117;2;20;21;101660
07020;2012-11-18 18:00:00;55;-999;140;46;101670
07020;2012-11-19 00:00:00;70;2;150;51;101560
07020;2012-11-19 06:00:00;99;2;200;82;101280
07020;2012-11-19 12:00:00;106;2;190;123;101120
07020;2012-11-19 18:00:00;118;2;180;108;101060
07020;2012-11-20 00:00:00;120;21;190;113;101030
07020;2012-11-20 06:00:00;126;60;180;129;100880
07020;2012-11-20 12:00:00;126;60;180;129;100920
07027;2012-11-13 18:00:00;98;2;140;21;102790
07027;2012-11-14 00:00:00;68;0;120;15;102790
07027;2012-11-14 06:00:00;46;10;100;36;102580
07027;2012-11-14 12:00:00;94;2;120;36;102430
07027;2012-11-14 18:00:00;53;10;110;46;102410
07027;2012-11-15 00:00:00;40;10;120;41;102410
07027;2012-11-15 06:00:00;29;47;90;26;102350
07027;2012-11-15 12:00:00;35;10;130;31;102220
07027;2012-11-15 18:00:00;50;10;70;5;102040
07027;2012-11-16 00:00:00;33;10;120;31;101880
07027;2012-11-16 06:00:00;40;2;100;26;101680
07027;2012-11-16 12:00:00;123;2;100;31;101470
07027;2012-11-16 18:00:00;80;2;130;67;101160
07027;2012-11-17 00:00:00;79;10;120;31;101050
07027;2012-11-17 06:00:00;85;2;170;31;100890
07027;2012-11-17 12:00:00;115;21;190;15;100880
07027;2012-11-17 18:00:00;102;61;340;46;100940
07027;2012-11-18 00:00:00;89;61;300;21;101150
07027;2012-11-18 06:00:00;87;2;10;26;101300
07027;2012-11-18 12:00:00;103;1;30;26;101530
07027;2012-11-18 18:00:00;56;0;0;0;101650
07027;2012-11-19 00:00:00;26;10;160;15;101610
07027;2012-11-19 06:00:00;34;44;150;36;101390
07027;2012-11-19 12:00:00;107;1;180;57;101300
07027;2012-11-19 18:00:00;94;2;170;41;101340
07027;2012-11-20 00:00:00;94;0;200;57;101300
07027;2012-11-20 06:00:00;107;2;180;67;101220
07027;2012-11-20 12:00:00;120;2;170;67;101240
07037;2012-11-13 18:00:00;97;10;110;31;102910
07037;2012-11-14 00:00:00;60;0;100;26;102900
07037;2012-11-14 06:00:00;29;10;90;31;102700
07037;2012-11-14 12:00:00;58;10;100;36;102550
07037;2012-11-15 12:00:00;41;10;150;36;102290
07037;2012-11-15 18:00:00;39;10;140;26;102170
07037;2012-11-16 00:00:00;33;45;160;26;102030
07037;2012-11-16 06:00:00;26;45;150;36;101870
07037;2012-11-16 12:00:00;47;45;140;36;101660
07037;2012-11-16 18:00:00;47;45;140;46;101440
07037;2012-11-17 00:00:00;44;45;170;41;101230
07037;2012-11-17 06:00:00;55;45;170;51;100990
07037;2012-11-17 12:00:00;84;42;190;36;100970
07037;2012-11-17 18:00:00;89;45;150;21;100930
07037;2012-11-18 00:00:00;88;51;340;41;101070
07037;2012-11-18 06:00:00;71;61;350;10;101270
07037;2012-11-18 12:00:00;88;3;60;31;101480
07037;2012-11-18 18:00:00;55;0;50;21;101680
07037;2012-11-19 00:00:00;40;10;70;21;101670
07037;2012-11-19 06:00:00;57;10;140;26;101460
07037;2012-11-19 12:00:00;80;10;210;31;101440
07037;2012-11-19 18:00:00;89;0;210;41;101500
07037;2012-11-20 00:00:00;73;0;180;51;101480
07037;2012-11-20 06:00:00;72;2;180;46;101470
07037;2012-11-20 12:00:00;106;2;180;46;101480
07072;2012-11-13 18:00:00;53;0;0;0;103050
07072;2012-11-14 00:00:00;0;10;170;5;102980
07072;2012-11-14 06:00:00;-6;10;130;26;102850
07072;2012-11-14 12:00:00;68;0;130;31;102620
07072;2012-11-14 18:00:00;67;0;110;26;102560
07072;2012-11-15 00:00:00;58;0;70;31;102470
07072;2012-11-15 06:00:00;41;10;150;10;102410
07072;2012-11-15 12:00:00;41;0;110;21;102340
07072;2012-11-15 18:00:00;39;0;150;5;102240
07072;2012-11-16 00:00:00;32;0;120;21;102120
07072;2012-11-16 06:00:00;15;0;120;31;102010
07072;2012-11-16 12:00:00;30;0;130;31;101890
07072;2012-11-16 18:00:00;2;0;80;21;101690
07072;2012-11-17 00:00:00;27;45;110;31;101440
07072;2012-11-17 06:00:00;58;10;140;31;101210
07072;2012-11-17 12:00:00;78;0;140;26;101130
07072;2012-11-17 18:00:00;57;10;90;21;101050
07072;2012-11-18 00:00:00;69;61;100;21;101050
07072;2012-11-18 06:00:00;74;10;10;5;101070
07072;2012-11-18 12:00:00;94;0;70;36;101310
07072;2012-11-18 18:00:00;75;0;330;21;101590
07072;2012-11-19 00:00:00;47;10;240;21;101640
07072;2012-11-19 06:00:00;63;0;90;15;101560
07072;2012-11-19 12:00:00;118;0;130;41;101510
07072;2012-11-19 18:00:00;85;10;100;26;101630
07072;2012-11-20 00:00:00;57;10;110;26;101780
07072;2012-11-20 06:00:00;56;45;110;36;101810
07072;2012-11-20 12:00:00;52;10;130;41;101850
07110;2012-11-13 18:00:00;115;0;130;31;102570
07110;2012-11-14 00:00:00;82;2;110;36;102490
07110;2012-11-14 06:00:00;57;2;90;21;102250
07110;2012-11-14 12:00:00;59;2;190;36;102260
07110;2012-11-14 18:00:00;40;10;30;15;102230
07110;2012-11-15 00:00:00;18;10;120;5;102220
07110;2012-11-15 06:00:00;19;44;100;15;102090
07110;2012-11-15 12:00:00;118;2;180;21;101980
07110;2012-11-15 18:00:00;84;10;30;26;101820
07110;2012-11-16 00:00:00;83;40;170;10;101610
07110;2012-11-16 06:00:00;63;2;160;15;101340
07110;2012-11-16 12:00:00;151;2;160;57;101100
07110;2012-11-16 18:00:00;133;10;200;57;100950
07110;2012-11-17 00:00:00;122;2;200;31;100920
07110;2012-11-17 06:00:00;115;60;310;36;100840
07110;2012-11-17 12:00:00;101;21;350;41;101010
07110;2012-11-17 18:00:00;94;1;10;26;101120
07110;2012-11-18 00:00:00;65;2;350;31;101400
07110;2012-11-18 06:00:00;46;2;350;21;101490
07110;2012-11-18 12:00:00;100;2;0;0;101590
07110;2012-11-18 18:00:00;52;2;170;26;101560
07110;2012-11-19 00:00:00;57;2;160;31;101400
07110;2012-11-19 06:00:00;101;2;200;87;101050
07110;2012-11-19 12:00:00;127;21;200;93;100950
07110;2012-11-19 18:00:00;126;58;200;67;100890
07110;2012-11-20 00:00:00;131;61;200;93;100820
07110;2012-11-20 06:00:00;134;61;190;123;100660
07110;2012-11-20 12:00:00;139;21;210;113;100730
07117;2012-11-13 18:00:00;125;2;130;21;102640
07117;2012-11-14 00:00:00;96;-999;110;36;102550
07117;2012-11-14 06:00:00;72;0;100;46;102350
07117;2012-11-14 12:00:00;81;2;120;26;102230
07117;2012-11-14 18:00:00;77;-999;90;36;102230
07117;2012-11-15 00:00:00;61;-999;120;26;102240
07117;2012-11-15 06:00:00;53;41;100;51;102110
07117;2012-11-15 12:00:00;96;2;80;31;102020
07117;2012-11-15 18:00:00;87;45;90;51;101860
07117;2012-11-16 00:00:00;95;-999;130;36;101650
07117;2012-11-16 06:00:00;87;0;120;21;101390
07117;2012-11-16 12:00:00;173;2;170;41;101120
07117;2012-11-16 18:00:00;135;2;200;26;100940
07117;2012-11-17 00:00:00;129;-999;220;46;100860
07117;2012-11-17 06:00:00;118;2;220;41;100790
07117;2012-11-17 12:00:00;107;50;310;21;100980
07117;2012-11-17 18:00:00;106;2;360;57;101080
07117;2012-11-18 00:00:00;98;-999;360;62;101320
07117;2012-11-18 06:00:00;90;2;350;46;101440
07117;2012-11-18 12:00:00;106;2;0;0;101570
07117;2012-11-18 18:00:00;92;2;130;21;101570
07117;2012-11-19 00:00:00;62;-999;170;51;101450
07117;2012-11-19 06:00:00;49;2;130;36;101170
07117;2012-11-19 12:00:00;114;2;190;77;100940
07117;2012-11-19 18:00:00;123;2;170;62;100870
07117;2012-11-20 00:00:00;136;-999;190;51;100850
07117;2012-11-20 06:00:00;143;2;190;77;100710
07117;2012-11-20 12:00:00;144;3;190;67;100780
07130;2012-11-13 18:00:00;95;0;100;15;102700
07130;2012-11-14 00:00:00;52;0;70;26;102620
07130;2012-11-14 06:00:00;56;0;90;31;102410
07130;2012-11-14 12:00:00;71;0;130;41;102340
07130;2012-11-14 18:00:00;55;0;100;26;102290
07130;2012-11-15 00:00:00;45;10;110;31;102340
07130;2012-11-15 06:00:00;40;45;120;26;102250
07130;2012-11-15 12:00:00;60;10;110;21;102150
07130;2012-11-15 18:00:00;60;45;110;26;101980
07130;2012-11-16 00:00:00;56;45;120;15;101860
07130;2012-11-16 06:00:00;52;45;120;26;101630
07130;2012-11-16 12:00:00;81;0;130;31;101450
07130;2012-11-16 18:00:00;74;45;130;46;101220
07130;2012-11-17 00:00:00;82;45;110;21;101070
07130;2012-11-17 06:00:00;85;45;130;10;100960
07130;2012-11-17 12:00:00;106;10;200;5;100930
07130;2012-11-17 18:00:00;107;10;350;31;100920
07130;2012-11-18 00:00:00;93;61;20;31;101130
07130;2012-11-18 06:00:00;82;0;350;26;101310
07130;2012-11-18 12:00:00;111;0;10;51;101510
07130;2012-11-18 18:00:00;66;0;300;15;101600
07130;2012-11-19 00:00:00;58;0;270;5;101580
07130;2012-11-19 06:00:00;32;44;150;10;101400
07130;2012-11-19 12:00:00;109;0;180;51;101360
07130;2012-11-19 18:00:00;104;0;170;51;101360
07130;2012-11-20 00:00:00;104;0;160;51;101310
07130;2012-11-20 06:00:00;109;0;160;46;101260
07130;2012-11-20 12:00:00;127;0;160;41;101280
07139;2012-11-13 18:00:00;94;-999;110;21;102830
07139;2012-11-14 00:00:00;53;-999;60;31;102760
07139;2012-11-14 06:00:00;21;2;40;21;102580
07139;2012-11-14 12:00:00;59;2;90;36;102450
07139;2012-11-14 18:00:00;44;0;80;15;102450
07139;2012-11-15 00:00:00;28;10;120;5;102460
07139;2012-11-15 06:00:00;18;45;0;0;102350
07139;2012-11-15 12:00:00;43;10;230;5;102260
07139;2012-11-15 18:00:00;34;10;290;10;102120
07139;2012-11-16 00:00:00;31;45;0;0;102010
07139;2012-11-16 06:00:00;24;45;0;0;101850
07139;2012-11-16 12:00:00;56;10;240;10;101650
07139;2012-11-16 18:00:00;77;45;150;21;101340
07139;2012-11-17 00:00:00;61;45;190;15;101190
07139;2012-11-17 06:00:00;62;42;200;15;101040
07139;2012-11-17 12:00:00;88;42;200;10;100970
07139;2012-11-17 18:00:00;93;63;30;10;100920
07139;2012-11-18 00:00:00;91;0;20;36;101030
07139;2012-11-18 06:00:00;81;50;40;41;101180
07139;2012-11-18 12:00:00;99;3;60;51;101420
07139;2012-11-18 18:00:00;81;0;30;21;101580
07139;2012-11-19 00:00:00;77;0;40;10;101570
07139;2012-11-19 06:00:00;76;10;0;0;101410
07139;2012-11-19 12:00:00;89;10;210;26;101440
07139;2012-11-19 18:00:00;81;0;190;26;101550
07139;2012-11-20 00:00:00;79;0;190;41;101520
07139;2012-11-20 06:00:00;73;2;190;31;101490
07139;2012-11-20 12:00:00;106;2;190;21;101450
07149;2012-11-13 18:00:00;74;2;70;31;102990
07149;2012-11-14 00:00:00;52;2;40;10;102870
07149;2012-11-14 06:00:00;14;10;120;10;102720
07149;2012-11-14 12:00:00;40;10;100;31;102600
07149;2012-11-14 18:00:00;46;10;80;26;102540
07149;2012-11-15 00:00:00;46;2;70;10;102500
07149;2012-11-15 06:00:00;38;2;100;10;102390
07149;2012-11-15 12:00:00;49;2;150;10;102310
07149;2012-11-15 18:00:00;45;2;130;15;102210
07149;2012-11-16 00:00:00;35;10;110;15;102080
07149;2012-11-16 06:00:00;22;45;190;21;101950
07149;2012-11-16 12:00:00;32;10;120;26;101800
07149;2012-11-16 18:00:00;37;2;80;10;101570
07149;2012-11-17 00:00:00;50;45;160;21;101340
07149;2012-11-17 06:00:00;68;43;190;31;101160
07149;2012-11-17 12:00:00;85;1;190;21;101070
07149;2012-11-17 18:00:00;98;2;0;0;100990
07149;2012-11-18 00:00:00;83;40;350;10;101010
07149;2012-11-18 06:00:00;96;60;340;31;101110
07149;2012-11-18 12:00:00;89;61;30;26;101390
07149;2012-11-18 18:00:00;87;3;30;36;101600
07149;2012-11-19 00:00:00;76;2;50;10;101580
07149;2012-11-19 06:00:00;76;10;90;10;101470
07149;2012-11-19 12:00:00;115;2;180;10;101470
07149;2012-11-19 18:00:00;115;2;190;31;101550
07149;2012-11-20 00:00:00;95;10;180;10;101670
07149;2012-11-20 06:00:00;78;45;190;15;101680
07149;2012-11-20 12:00:00;98;1;170;31;101690
07168;2012-11-13 18:00:00;24;0;310;31;103010
07168;2012-11-14 00:00:00;-4;10;120;10;102910
07168;2012-11-14 06:00:00;19;43;70;21;102760
07168;2012-11-14 12:00:00;54;2;100;21;102580
07168;2012-11-14 18:00:00;61;0;50;15;102500
07168;2012-11-15 00:00:00;48;10;120;10;102460
07168;2012-11-15 06:00:00;41;2;130;15;102370
07168;2012-11-15 12:00:00;41;10;50;15;102340
07168;2012-11-15 18:00:00;34;0;110;10;102240
07168;2012-11-16 00:00:00;28;0;80;15;102110
07168;2012-11-16 06:00:00;22;10;150;10;102020
07168;2012-11-16 12:00:00;40;2;160;26;101880
07168;2012-11-16 18:00:00;67;45;150;15;101640
07168;2012-11-17 00:00:00;57;10;160;41;101430
07168;2012-11-17 06:00:00;60;10;150;21;101290
07168;2012-11-17 12:00:00;104;2;130;21;101150
07168;2012-11-17 18:00:00;80;0;190;36;101070
07168;2012-11-18 00:00:00;69;10;0;0;101090
07168;2012-11-18 06:00:00;66;2;0;0;101120
07168;2012-11-18 12:00:00;97;1;360;26;101350
07168;2012-11-18 18:00:00;94;51;340;15;101530
07168;2012-11-19 00:00:00;87;0;0;0;101570
07168;2012-11-19 06:00:00;86;43;140;26;101550
07168;2012-11-19 12:00:00;139;3;160;15;101550
07168;2012-11-19 18:00:00;71;0;0;0;101660
07168;2012-11-20 00:00:00;48;44;0;0;101850
07168;2012-11-20 06:00:00;67;45;140;10;101810
07168;2012-11-20 12:00:00;78;47;160;26;101830
07180;2012-11-13 18:00:00;30;0;40;21;103130
07180;2012-11-14 00:00:00;10;10;50;31;103010
07180;2012-11-14 06:00:00;26;10;50;36;102850
07180;2012-11-14 12:00:00;61;2;340;10;102670
07180;2012-11-14 18:00:00;28;0;50;21;102590
07180;2012-11-15 00:00:00;37;45;60;15;102530
07180;2012-11-15 06:00:00;27;45;180;15;102430
07180;2012-11-15 12:00:00;28;10;30;15;102390
07180;2012-11-15 18:00:00;35;10;150;15;102270
07180;2012-11-16 00:00:00;29;0;200;10;102150
07180;2012-11-16 06:00:00;25;10;80;10;102050
07180;2012-11-16 12:00:00;60;1;140;10;101940
07180;2012-11-16 18:00:00;64;0;0;0;101770
07180;2012-11-17 00:00:00;53;10;180;15;101610
07180;2012-11-17 06:00:00;54;2;330;10;101370
07180;2012-11-17 12:00:00;101;2;160;15;101250
07180;2012-11-17 18:00:00;86;0;110;5;101200
07180;2012-11-18 00:00:00;96;0;150;21;101150
07180;2012-11-18 06:00:00;59;2;30;10;101210
07180;2012-11-18 12:00:00;133;2;180;26;101230
07180;2012-11-18 18:00:00;90;0;80;10;101490
07180;2012-11-19 00:00:00;55;45;270;5;101650
07180;2012-11-19 06:00:00;53;47;120;15;101720
07180;2012-11-19 12:00:00;67;43;80;15;101750
07180;2012-11-19 18:00:00;60;45;140;10;101830
07180;2012-11-20 00:00:00;41;45;60;31;101970
07180;2012-11-20 06:00:00;32;45;130;5;101990
07180;2012-11-20 12:00:00;33;45;80;21;102030
07190;2012-11-13 18:00:00;38;0;260;10;103130
07190;2012-11-14 00:00:00;20;10;10;15;103050
07190;2012-11-14 06:00:00;31;10;20;21;102920
07190;2012-11-14 12:00:00;72;0;30;21;102720
07190;2012-11-14 18:00:00;31;10;330;21;102630
07190;2012-11-15 00:00:00;49;10;50;5;102510
07190;2012-11-15 06:00:00;48;0;190;26;102430
07190;2012-11-15 12:00:00;48;10;140;5;102360
07190;2012-11-15 18:00:00;44;10;150;5;102290
07190;2012-11-16 00:00:00;31;10;200;15;102190
07190;2012-11-16 06:00:00;42;10;240;10;102060
07190;2012-11-16 12:00:00;57;0;150;15;102000
07190;2012-11-16 18:00:00;55;0;210;10;101880
07190;2012-11-17 00:00:00;56;0;240;5;101750
07190;2012-11-17 06:00:00;49;0;180;36;101570
07190;2012-11-17 12:00:00;73;0;170;26;101410
07190;2012-11-17 18:00:00;41;10;360;15;101330
07190;2012-11-18 00:00:00;43;45;0;0;101320
07190;2012-11-18 06:00:00;32;45;330;10;101330
07190;2012-11-18 12:00:00;61;10;180;5;101370
07190;2012-11-18 18:00:00;39;45;60;15;101540
07190;2012-11-19 00:00:00;19;10;300;5;101720
07190;2012-11-19 06:00:00;54;45;350;31;101770
07190;2012-11-19 12:00:00;55;45;360;15;101790
07190;2012-11-19 18:00:00;41;45;210;10;101940
07190;2012-11-20 00:00:00;41;45;70;10;102010
07190;2012-11-20 06:00:00;38;0;160;10;102030
07190;2012-11-20 12:00:00;45;0;180;15;102070
07207;2012-11-13 18:00:00;95;-999;80;31;-999
07207;2012-11-14 00:00:00;88;-999;90;62;-999
07207;2012-11-14 06:00:00;72;2;80;57;-999
07207;2012-11-14 12:00:00;78;2;90;67;-999
07207;2012-11-14 18:00:00;94;-999;90;51;-999
07207;2012-11-15 00:00:00;80;-999;70;67;-999
07207;2012-11-15 06:00:00;85;47;90;67;-999
07207;2012-11-15 12:00:00;116;2;90;46;-999
07207;2012-11-15 18:00:00;98;2;70;67;-999
07207;2012-11-16 00:00:00;111;-999;100;67;-999
07207;2012-11-16 06:00:00;122;-999;100;57;-999
07207;2012-11-16 12:00:00;142;2;110;51;-999
07207;2012-11-16 18:00:00;144;-999;260;36;-999
07207;2012-11-17 00:00:00;134;-999;250;31;-999
07207;2012-11-17 06:00:00;131;-999;150;15;-999
07207;2012-11-17 12:00:00;136;2;-999;15;-999
07207;2012-11-17 18:00:00;111;-999;10;82;-999
07207;2012-11-18 00:00:00;100;-999;10;67;-999
07207;2012-11-18 06:00:00;88;-999;20;67;-999
07207;2012-11-18 12:00:00;109;2;20;46;-999
07207;2012-11-18 18:00:00;78;-999;10;15;-999
07207;2012-11-19 00:00:00;69;-999;80;26;-999
07207;2012-11-19 06:00:00;106;-999;210;57;-999
07207;2012-11-19 12:00:00;130;2;-999;87;-999
07207;2012-11-19 18:00:00;139;2;-999;103;-999
07207;2012-11-20 00:00:00;136;-999;190;113;-999
07207;2012-11-20 06:00:00;145;0;180;108;-999
07207;2012-11-20 12:00:00;150;2;180;108;-999
07222;2012-11-13 18:00:00;101;2;50;21;102610
07222;2012-11-14 00:00:00;63;2;50;26;102420
07222;2012-11-14 06:00:00;39;2;80;41;102310
07222;2012-11-14 12:00:00;71;2;60;46;102250
07222;2012-11-14 18:00:00;65;2;70;36;102190
07222;2012-11-15 00:00:00;50;2;50;31;102200
07222;2012-11-15 06:00:00;48;10;60;36;102130
07222;2012-11-15 12:00:00;115;2;50;36;102030
07222;2012-11-15 18:00:00;75;2;60;36;101880
07222;2012-11-16 00:00:00;65;2;60;21;101780
07222;2012-11-16 06:00:00;58;2;50;26;101580
07222;2012-11-16 12:00:00;149;2;110;31;101360
07222;2012-11-16 18:00:00;111;2;120;15;101190
07222;2012-11-17 00:00:00;104;10;130;15;101080
07222;2012-11-17 06:00:00;107;3;140;26;100920
07222;2012-11-17 12:00:00;121;21;210;15;100890
07222;2012-11-17 18:00:00;119;10;20;5;100830
07222;2012-11-18 00:00:00;97;61;10;57;100980
07222;2012-11-18 06:00:00;88;61;360;26;101190
07222;2012-11-18 12:00:00;104;1;10;36;101410
07222;2012-11-18 18:00:00;93;2;20;15;101520
07222;2012-11-19 00:00:00;85;2;40;10;101520
07222;2012-11-19 06:00:00;77;2;180;15;101430
07222;2012-11-19 12:00:00;115;1;180;31;101440
07222;2012-11-19 18:00:00;101;2;160;31;101460
07222;2012-11-20 00:00:00;98;2;160;51;101450
07222;2012-11-20 06:00:00;103;1;160;26;101410
07222;2012-11-20 12:00:00;129;2;170;41;101350
07240;2012-11-13 18:00:00;75;0;60;41;102780
07240;2012-11-14 00:00:00;42;2;70;41;102650
07240;2012-11-14 06:00:00;38;47;70;46;102500
07240;2012-11-14 12:00:00;47;10;50;36;102430
07240;2012-11-14 18:00:00;49;10;50;26;102400
07240;2012-11-15 00:00:00;40;45;40;26;102410
07240;2012-11-15 06:00:00;32;45;60;26;102310
07240;2012-11-15 12:00:00;50;45;-999;-999;102240
07240;2012-11-15 18:00:00;51;47;70;26;102110
07240;2012-11-16 00:00:00;38;45;80;31;101980
07240;2012-11-16 06:00:00;30;45;90;21;101830
07240;2012-11-16 12:00:00;59;45;140;15;101680
07240;2012-11-16 18:00:00;61;45;100;36;101420
07240;2012-11-17 00:00:00;60;45;120;21;101270
07240;2012-11-17 06:00:00;44;42;120;31;101140
07240;2012-11-17 12:00:00;106;0;120;21;100980
07240;2012-11-17 18:00:00;94;2;100;15;100930
07240;2012-11-18 00:00:00;90;46;100;10;100960
07240;2012-11-18 06:00:00;96;10;10;10;101030
07240;2012-11-18 12:00:00;92;61;40;46;101320
07240;2012-11-18 18:00:00;90;58;30;26;101490
07240;2012-11-19 00:00:00;86;47;50;21;101500
07240;2012-11-19 06:00:00;87;10;110;15;101430
07240;2012-11-19 12:00:00;104;0;220;36;101510
07240;2012-11-19 18:00:00;94;10;180;10;101630
07240;2012-11-20 00:00:00;61;47;140;26;101710
07240;2012-11-20 06:00:00;52;45;130;26;101640
07240;2012-11-20 12:00:00;124;0;150;36;101560
07255;2012-11-13 18:00:00;43;0;70;36;102870
07255;2012-11-14 00:00:00;31;0;90;36;102720
07255;2012-11-14 06:00:00;49;2;110;41;102550
07255;2012-11-14 12:00:00;97;2;80;26;102390
07255;2012-11-14 18:00:00;75;0;70;26;102370
07255;2012-11-15 00:00:00;37;0;70;15;102390
07255;2012-11-15 06:00:00;16;47;70;21;102340
07255;2012-11-15 12:00:00;50;10;100;10;102240
07255;2012-11-15 18:00:00;62;45;70;10;102130
07255;2012-11-16 00:00:00;34;45;90;15;102050
07255;2012-11-16 06:00:00;27;45;90;21;101920
07255;2012-11-16 12:00:00;64;43;100;41;101720
07255;2012-11-16 18:00:00;76;45;130;21;101540
07255;2012-11-17 00:00:00;60;45;110;36;101440
07255;2012-11-17 06:00:00;54;43;100;36;101270
07255;2012-11-17 12:00:00;125;1;130;21;101050
07255;2012-11-17 18:00:00;114;0;60;26;100970
07255;2012-11-18 00:00:00;77;0;90;15;101070
07255;2012-11-18 06:00:00;89;2;90;10;101110
07255;2012-11-18 12:00:00;124;2;240;10;101250
07255;2012-11-18 18:00:00;107;10;20;10;101410
07255;2012-11-19 00:00:00;93;10;80;15;101510
07255;2012-11-19 06:00:00;84;10;120;21;101520
07255;2012-11-19 12:00:00;132;2;290;21;101560
07255;2012-11-19 18:00:00;107;0;120;5;101680
07255;2012-11-20 00:00:00;89;10;90;10;101800
07255;2012-11-20 06:00:00;74;2;80;21;101760
07255;2012-11-20 12:00:00;86;10;100;15;101760
07280;2012-11-13 18:00:00;66;0;20;31;102890
07280;2012-11-14 00:00:00;43;0;50;10;102870
07280;2012-11-14 06:00:00;44;10;50;15;102710
07280;2012-11-14 12:00:00;47;0;80;15;102600
07280;2012-11-14 18:00:00;42;10;20;15;102520
07280;2012-11-15 00:00:00;35;45;220;5;102510
07280;2012-11-15 06:00:00;28;10;0;0;102410
07280;2012-11-15 12:00:00;54;0;80;10;102280
07280;2012-11-15 18:00:00;44;45;20;5;102210
07280;2012-11-16 00:00:00;30;45;140;10;102160
07280;2012-11-16 06:00:00;30;45;180;15;102040
07280;2012-11-16 12:00:00;45;45;170;10;102000
07280;2012-11-16 18:00:00;56;45;70;10;101760
07280;2012-11-17 00:00:00;60;45;140;21;101610
07280;2012-11-17 06:00:00;67;45;200;21;101420
07280;2012-11-17 12:00:00;91;10;200;26;101280
07280;2012-11-17 18:00:00;56;41;340;5;101230
07280;2012-11-18 00:00:00;41;44;0;0;101280
07280;2012-11-18 06:00:00;50;10;70;5;101260
07280;2012-11-18 12:00:00;114;0;240;15;101280
07280;2012-11-18 18:00:00;81;10;350;10;101460
07280;2012-11-19 00:00:00;46;44;320;15;101600
07280;2012-11-19 06:00:00;30;44;320;21;101660
07280;2012-11-19 12:00:00;98;0;30;15;101610
07280;2012-11-19 18:00:00;55;45;180;10;101810
07280;2012-11-20 00:00:00;39;45;130;15;101920
07280;2012-11-20 06:00:00;28;45;110;5;101980
07280;2012-11-20 12:00:00;28;10;180;5;102000
07299;2012-11-13 18:00:00;49;10;310;15;103060
07299;2012-11-14 00:00:00;44;10;320;21;102970
07299;2012-11-14 06:00:00;25;46;320;31;102850
07299;2012-11-14 12:00:00;79;1;340;36;102620
07299;2012-11-14 18:00:00;38;47;340;26;102600
07299;2012-11-15 00:00:00;27;45;30;15;102550
07299;2012-11-15 06:00:00;34;41;0;0;102430
07299;2012-11-15 12:00:00;67;1;10;10;102270
07299;2012-11-15 18:00:00;49;10;330;21;102250
07299;2012-11-16 00:00:00;49;10;140;26;102150
07299;2012-11-16 06:00:00;43;2;160;31;102040
07299;2012-11-16 12:00:00;84;2;130;15;101940
07299;2012-11-16 18:00:00;51;0;130;41;101890
07299;2012-11-17 00:00:00;43;0;140;36;101800
07299;2012-11-17 06:00:00;19;2;170;31;101650
07299;2012-11-17 12:00:00;109;2;110;31;101340
07299;2012-11-17 18:00:00;68;2;120;31;101320
07299;2012-11-18 00:00:00;75;0;130;31;101350
07299;2012-11-18 06:00:00;51;2;170;26;101350
07299;2012-11-18 12:00:00;109;2;140;36;101320
07299;2012-11-18 18:00:00;67;2;180;26;101520
07299;2012-11-19 00:00:00;20;10;190;5;101730
07299;2012-11-19 06:00:00;40;10;140;26;101780
07299;2012-11-19 12:00:00;77;2;30;15;101720
07299;2012-11-19 18:00:00;30;10;330;21;101910
07299;2012-11-20 00:00:00;47;0;120;31;101970
07299;2012-11-20 06:00:00;40;2;110;36;102030
07299;2012-11-20 12:00:00;68;2;60;21;101970
07314;2012-11-13 18:00:00;113;-999;-999;-999;102480
07314;2012-11-14 00:00:00;71;2;-999;-999;102380
07314;2012-11-14 06:00:00;66;-999;-999;-999;102160
07314;2012-11-14 12:00:00;113;-999;90;46;102150
07314;2012-11-14 18:00:00;119;-999;70;36;102110
07314;2012-11-15 00:00:00;112;-999;90;51;102110
07314;2012-11-15 06:00:00;111;2;80;41;102040
07314;2012-11-15 12:00:00;152;2;110;31;101960
07314;2012-11-15 18:00:00;134;2;100;21;101850
07314;2012-11-16 00:00:00;114;2;80;41;101730
07314;2012-11-16 06:00:00;104;2;90;36;101510
07314;2012-11-16 12:00:00;175;-999;160;51;101410
07314;2012-11-16 18:00:00;132;-999;150;36;101280
07314;2012-11-17 00:00:00;122;-999;160;46;101140
07314;2012-11-17 06:00:00;108;2;120;26;100950
07314;2012-11-17 12:00:00;139;-999;170;36;100820
07314;2012-11-17 18:00:00;130;2;140;41;100760
07314;2012-11-18 00:00:00;131;-999;160;41;100850
07314;2012-11-18 06:00:00;116;-999;10;87;100970
07314;2012-11-18 12:00:00;107;2;10;87;101240
07314;2012-11-18 18:00:00;108;-999;20;77;101440
07314;2012-11-19 00:00:00;107;2;340;41;101540
07314;2012-11-19 06:00:00;105;2;30;31;101480
07314;2012-11-19 12:00:00;131;2;210;51;101540
07314;2012-11-19 18:00:00;127;-999;170;41;101610
07314;2012-11-20 00:00:00;87;2;140;41;101570
07314;2012-11-20 06:00:00;82;-999;130;41;101530
07314;2012-11-20 12:00:00;132;2;170;36;101470
07335;2012-11-13 18:00:00;69;0;60;31;102630
07335;2012-11-14 00:00:00;37;0;90;31;102530
07335;2012-11-14 06:00:00;34;45;70;31;102380
07335;2012-11-14 12:00:00;83;1;30;15;102290
07335;2012-11-14 18:00:00;81;0;40;10;102290
07335;2012-11-15 00:00:00;42;10;360;26;102320
07335;2012-11-15 06:00:00;37;45;20;15;102270
07335;2012-11-15 12:00:00;64;10;40;15;102150
07335;2012-11-15 18:00:00;69;45;40;26;102020
07335;2012-11-16 00:00:00;57;45;50;15;101910
07335;2012-11-16 06:00:00;47;45;140;15;101770
07335;2012-11-16 12:00:00;105;1;120;15;101580
07335;2012-11-16 18:00:00;91;0;100;26;101360
07335;2012-11-17 00:00:00;68;10;150;21;101260
07335;2012-11-17 06:00:00;76;2;180;31;101080
07335;2012-11-17 12:00:00;141;2;150;15;100920
07335;2012-11-17 18:00:00;124;0;140;21;100880
07335;2012-11-18 00:00:00;106;0;140;10;100940
07335;2012-11-18 06:00:00;100;61;140;15;101020
07335;2012-11-18 12:00:00;104;61;10;36;101230
07335;2012-11-18 18:00:00;96;0;10;31;101420
07335;2012-11-19 00:00:00;92;45;360;15;101470
07335;2012-11-19 06:00:00;96;45;0;0;101430
07335;2012-11-19 12:00:00;108;1;240;26;101560
07335;2012-11-19 18:00:00;84;41;150;15;101650
07335;2012-11-20 00:00:00;57;45;140;21;101720
07335;2012-11-20 06:00:00;48;41;150;15;101650
07335;2012-11-20 12:00:00;126;3;150;36;101540
07434;2012-11-13 18:00:00;65;0;50;41;102510
07434;2012-11-14 00:00:00;56;0;40;31;102450
07434;2012-11-14 06:00:00;78;3;60;15;102310
07434;2012-11-14 12:00:00;169;1;160;26;102080
07434;2012-11-14 18:00:00;150;0;0;0;102120
07434;2012-11-15 00:00:00;109;0;40;21;102230
07434;2012-11-15 06:00:00;90;0;40;15;102170
07434;2012-11-15 12:00:00;172;2;160;10;101950
07434;2012-11-15 18:00:00;139;0;10;31;101870
07434;2012-11-16 00:00:00;100;0;80;15;101830
07434;2012-11-16 06:00:00;79;2;50;21;101770
07434;2012-11-16 12:00:00;150;2;150;36;101520
07434;2012-11-16 18:00:00;122;0;160;21;101420
07434;2012-11-17 00:00:00;90;0;130;41;101390
07434;2012-11-17 06:00:00;81;0;110;36;101240
07434;2012-11-17 12:00:00;144;0;160;46;100970
07434;2012-11-17 18:00:00;118;0;140;31;100930
07434;2012-11-18 00:00:00;95;0;120;15;101030
07434;2012-11-18 06:00:00;100;0;100;15;101070
07434;2012-11-18 12:00:00;146;0;160;36;101130
07434;2012-11-18 18:00:00;122;0;230;10;101320
07434;2012-11-19 00:00:00;88;10;70;5;101480
07434;2012-11-19 06:00:00;84;47;160;31;101520
07434;2012-11-19 12:00:00;103;1;190;26;101570
07434;2012-11-19 18:00:00;94;0;200;10;101690
07434;2012-11-20 00:00:00;76;0;90;15;101750
07434;2012-11-20 06:00:00;59;10;100;15;101730
07434;2012-11-20 12:00:00;103;3;130;26;101640
07460;2012-11-13 18:00:00;33;2;340;10;102830
07460;2012-11-14 00:00:00;15;46;280;10;102770
07460;2012-11-14 06:00:00;3;41;10;10;102620
07460;2012-11-14 12:00:00;99;2;50;10;102300
07460;2012-11-14 18:00:00;82;2;0;0;102320
07460;2012-11-15 00:00:00;33;2;0;0;102420
07460;2012-11-15 06:00:00;13;28;350;15;102340
07460;2012-11-15 12:00:00;162;1;0;0;101990
07460;2012-11-15 18:00:00;97;2;270;5;101980
07460;2012-11-16 00:00:00;36;44;350;5;102060
07460;2012-11-16 06:00:00;13;44;0;0;101970
07460;2012-11-16 12:00:00;150;2;170;5;101590
07460;2012-11-16 18:00:00;80;2;60;5;101510
07460;2012-11-17 00:00:00;87;2;170;10;101460
07460;2012-11-17 06:00:00;31;3;160;15;101390
07460;2012-11-17 12:00:00;162;2;170;77;100970
07460;2012-11-17 18:00:00;121;2;200;57;101010
07460;2012-11-18 00:00:00;69;2;200;15;101110
07460;2012-11-18 06:00:00;51;3;0;0;101190
07460;2012-11-18 12:00:00;141;2;120;5;101150
07460;2012-11-18 18:00:00;106;2;300;5;101360
07460;2012-11-19 00:00:00;63;2;30;5;101560
07460;2012-11-19 06:00:00;5;42;70;5;101690
07460;2012-11-19 12:00:00;128;1;90;10;101480
07460;2012-11-19 18:00:00;80;2;270;21;101670
07460;2012-11-20 00:00:00;64;2;330;10;101780
07460;2012-11-20 06:00:00;78;2;190;31;101810
07460;2012-11-20 12:00:00;102;2;210;5;101700
07471;2012-11-13 18:00:00;25;0;10;5;-999
07471;2012-11-14 00:00:00;14;45;280;5;-999
07471;2012-11-14 06:00:00;-11;10;0;0;-999
07471;2012-11-14 12:00:00;123;0;10;5;-999
07471;2012-11-14 18:00:00;81;10;240;15;-999
07471;2012-11-15 00:00:00;48;0;240;10;-999
07471;2012-11-15 06:00:00;29;45;240;10;-999
07471;2012-11-15 12:00:00;131;0;110;10;-999
07471;2012-11-15 18:00:00;62;0;220;21;-999
07471;2012-11-16 00:00:00;45;45;0;0;-999
07471;2012-11-16 06:00:00;43;45;150;5;-999
07471;2012-11-16 12:00:00;87;0;80;5;-999
07471;2012-11-16 18:00:00;39;0;300;5;-999
07471;2012-11-17 00:00:00;20;0;320;10;-999
07471;2012-11-17 06:00:00;79;0;150;21;-999
07471;2012-11-17 12:00:00;93;0;140;46;-999
07471;2012-11-17 18:00:00;80;0;140;26;-999
07471;2012-11-18 00:00:00;72;0;130;26;-999
07471;2012-11-18 06:00:00;66;0;320;15;-999
07471;2012-11-18 12:00:00;117;0;350;10;-999
07471;2012-11-18 18:00:00;93;0;10;10;-999
07471;2012-11-19 00:00:00;60;0;260;5;-999
07471;2012-11-19 06:00:00;48;0;340;5;-999
07471;2012-11-19 12:00:00;111;0;70;10;-999
07471;2012-11-19 18:00:00;44;0;250;10;-999
07471;2012-11-20 00:00:00;3;0;210;15;-999
07471;2012-11-20 06:00:00;5;45;330;5;-999
07471;2012-11-20 12:00:00;46;45;50;10;-999
07481;2012-11-13 18:00:00;54;2;360;36;102890
07481;2012-11-14 00:00:00;51;2;20;10;102840
07481;2012-11-14 06:00:00;52;2;20;10;102660
07481;2012-11-14 12:00:00;67;2;10;21;102500
07481;2012-11-14 18:00:00;61;2;60;15;102440
07481;2012-11-15 00:00:00;39;41;0;0;102450
07481;2012-11-15 06:00:00;25;43;20;15;102420
07481;2012-11-15 12:00:00;68;1;30;10;102220
07481;2012-11-15 18:00:00;70;10;200;10;102100
07481;2012-11-16 00:00:00;39;45;0;0;102150
07481;2012-11-16 06:00:00;28;45;110;10;102050
07481;2012-11-16 12:00:00;68;10;100;15;101930
07481;2012-11-16 18:00:00;66;10;140;41;101710
07481;2012-11-17 00:00:00;79;2;140;46;101650
07481;2012-11-17 06:00:00;73;2;140;46;101490
07481;2012-11-17 12:00:00;129;2;170;62;101300
07481;2012-11-17 18:00:00;110;2;130;36;101240
07481;2012-11-18 00:00:00;98;2;130;21;101250
07481;2012-11-18 06:00:00;89;2;140;46;101240
07481;2012-11-18 12:00:00;120;2;120;26;101270
07481;2012-11-18 18:00:00;91;2;90;15;101410
07481;2012-11-19 00:00:00;62;2;150;31;101550
07481;2012-11-19 06:00:00;31;10;140;21;101670
07481;2012-11-19 12:00:00;110;2;120;5;101620
07481;2012-11-19 18:00:00;68;2;50;5;101750
07481;2012-11-20 00:00:00;39;45;50;5;101910
07481;2012-11-20 06:00:00;22;45;360;5;101980
07481;2012-11-20 12:00:00;36;10;30;21;101960
07510;2012-11-13 18:00:00;66;0;130;10;102440
07510;2012-11-14 00:00:00;29;45;110;21;102310
07510;2012-11-14 06:00:00;44;0;100;26;102120
07510;2012-11-14 12:00:00;173;0;120;67;102020
07510;2012-11-14 18:00:00;129;0;70;5;102020
07510;2012-11-15 00:00:00;103;10;0;0;102050
07510;2012-11-15 06:00:00;98;0;100;15;101990
07510;2012-11-15 12:00:00;172;0;110;15;101940
07510;2012-11-15 18:00:00;133;0;100;15;101830
07510;2012-11-16 00:00:00;91;44;110;10;101710
07510;2012-11-16 06:00:00;81;10;120;36;101590
07510;2012-11-16 12:00:00;170;0;90;26;101470
07510;2012-11-16 18:00:00;124;0;140;36;101360
07510;2012-11-17 00:00:00;118;0;150;41;101210
07510;2012-11-17 06:00:00;104;0;120;36;101010
07510;2012-11-17 12:00:00;150;0;130;46;100860
07510;2012-11-17 18:00:00;135;0;110;26;100790
07510;2012-11-18 00:00:00;120;0;120;21;100890
07510;2012-11-18 06:00:00;116;0;150;15;100970
07510;2012-11-18 12:00:00;170;0;140;26;101100
07510;2012-11-18 18:00:00;136;0;290;46;101290
07510;2012-11-19 00:00:00;114;0;270;36;101520
07510;2012-11-19 06:00:00;105;0;200;15;101560
07510;2012-11-19 12:00:00;141;0;190;26;101590
07510;2012-11-19 18:00:00;91;0;0;0;101660
07510;2012-11-20 00:00:00;73;0;100;26;101660
07510;2012-11-20 06:00:00;59;0;130;21;101610
07510;2012-11-20 12:00:00;133;0;130;36;101490
07535;2012-11-13 18:00:00;45;-999;120;21;102470
07535;2012-11-14 00:00:00;46;-999;80;21;102340
07535;2012-11-14 06:00:00;44;2;120;21;102230
07535;2012-11-14 12:00:00;195;2;130;46;102020
07535;2012-11-14 18:00:00;154;-999;110;26;102090
07535;2012-11-15 00:00:00;123;-999;110;21;102170
07535;2012-11-15 06:00:00;100;2;80;10;102110
07535;2012-11-15 12:00:00;167;2;350;15;101950
07535;2012-11-15 18:00:00;121;-999;120;15;101870
07535;2012-11-16 00:00:00;93;-999;220;5;101840
07535;2012-11-16 06:00:00;65;2;170;5;101810
07535;2012-11-16 12:00:00;172;-999;160;15;101580
07535;2012-11-16 18:00:00;114;-999;120;21;101490
07535;2012-11-17 00:00:00;96;-999;120;46;101390
07535;2012-11-17 06:00:00;102;2;110;26;101200
07535;2012-11-17 12:00:00;155;-999;120;51;100970
07535;2012-11-17 18:00:00;133;-999;110;36;100890
07535;2012-11-18 00:00:00;115;-999;100;15;100980
07535;2012-11-18 06:00:00;112;-999;130;15;101060
07535;2012-11-18 12:00:00;147;-999;190;31;101140
07535;2012-11-18 18:00:00;107;-999;130;15;101370
07535;2012-11-19 00:00:00;78;-999;170;15;101540
07535;2012-11-19 06:00:00;99;20;160;10;101560
07535;2012-11-19 12:00:00;128;2;200;15;101590
07535;2012-11-19 18:00:00;108;-999;0;0;101700
07535;2012-11-20 00:00:00;85;-999;140;15;101770
07535;2012-11-20 06:00:00;28;42;130;21;101800
07535;2012-11-20 12:00:00;86;10;130;15;101700
07558;2012-11-13 18:00:00;105;-999;40;26;102340
07558;2012-11-14 00:00:00;112;-999;70;21;102310
07558;2012-11-14 06:00:00;125;-999;80;21;102210
07558;2012-11-14 12:00:00;158;0;160;57;102060
07558;2012-11-14 18:00:00;106;0;120;36;102290
07558;2012-11-15 00:00:00;89;0;60;15;102310
07558;2012-11-15 06:00:00;77;0;40;26;102210
07558;2012-11-15 12:00:00;155;0;220;10;101850
07558;2012-11-15 18:00:00;123;0;210;15;101860
07558;2012-11-16 00:00:00;81;-999;30;15;101980
07558;2012-11-16 06:00:00;44;-999;30;15;102000
07558;2012-11-16 12:00:00;88;10;50;15;101810
07558;2012-11-16 18:00:00;92;0;120;41;101690
07558;2012-11-17 00:00:00;91;0;130;51;101600
07558;2012-11-17 06:00:00;85;0;130;67;101340
07558;2012-11-17 12:00:00;89;0;130;77;101200
07558;2012-11-17 18:00:00;89;0;120;51;101110
07558;2012-11-18 00:00:00;80;0;130;51;101180
07558;2012-11-18 06:00:00;82;0;120;36;101110
07558;2012-11-18 12:00:00;88;60;150;10;101250
07558;2012-11-18 18:00:00;88;0;0;0;101370
07558;2012-11-19 00:00:00;71;10;20;15;101510
07558;2012-11-19 06:00:00;73;10;40;15;101540
07558;2012-11-19 12:00:00;114;0;200;21;101420
07558;2012-11-19 18:00:00;80;0;300;10;101640
07558;2012-11-20 00:00:00;65;0;70;10;101780
07558;2012-11-20 06:00:00;46;45;40;26;101790
07558;2012-11-20 12:00:00;126;0;50;5;101520
07577;2012-11-13 18:00:00;81;0;30;51;102670
07577;2012-11-14 00:00:00;74;0;30;67;102670
07577;2012-11-14 06:00:00;69;2;20;36;102540
07577;2012-11-14 12:00:00;111;2;30;46;102340
07577;2012-11-14 18:00:00;103;0;20;26;102310
07577;2012-11-15 00:00:00;83;0;30;26;102320
07577;2012-11-15 06:00:00;64;0;30;31;102260
07577;2012-11-15 12:00:00;101;0;10;36;102090
07577;2012-11-15 18:00:00;81;10;360;5;102020
07577;2012-11-16 00:00:00;52;10;0;0;102080
07577;2012-11-16 06:00:00;54;43;40;10;102020
07577;2012-11-16 12:00:00;119;1;0;0;101920
07577;2012-11-16 18:00:00;101;10;150;5;101810
07577;2012-11-17 00:00:00;114;0;210;15;101760
07577;2012-11-17 06:00:00;111;2;170;21;101570
07577;2012-11-17 12:00:00;119;2;210;21;101470
07577;2012-11-17 18:00:00;103;60;250;10;101370
07577;2012-11-18 00:00:00;82;45;0;0;101340
07577;2012-11-18 06:00:00;81;2;220;10;101270
07577;2012-11-18 12:00:00;111;2;350;10;101290
07577;2012-11-18 18:00:00;98;0;30;15;101350
07577;2012-11-19 00:00:00;63;0;0;0;101480
07577;2012-11-19 06:00:00;55;2;10;31;101520
07577;2012-11-19 12:00:00;124;2;30;46;101500
07577;2012-11-19 18:00:00;97;0;20;21;101620
07577;2012-11-20 00:00:00;59;0;50;21;101770
07577;2012-11-20 06:00:00;46;2;30;31;101820
07577;2012-11-20 12:00:00;104;2;30;36;101750
07591;2012-11-13 18:00:00;111;0;10;87;-999
07591;2012-11-14 00:00:00;98;0;10;98;-999
07591;2012-11-14 06:00:00;73;0;20;87;-999
07591;2012-11-14 12:00:00;165;0;30;36;-999
07591;2012-11-14 18:00:00;116;0;10;51;-999
07591;2012-11-15 00:00:00;71;0;360;57;-999
07591;2012-11-15 06:00:00;34;0;60;31;-999
07591;2012-11-15 12:00:00;137;0;210;21;-999
07591;2012-11-15 18:00:00;69;0;40;36;-999
07591;2012-11-16 00:00:00;21;0;70;21;-999
07591;2012-11-16 06:00:00;-11;0;210;5;-999
07591;2012-11-16 12:00:00;115;0;210;15;-999
07591;2012-11-16 18:00:00;46;0;30;10;-999
07591;2012-11-17 00:00:00;3;0;80;5;-999
07591;2012-11-17 06:00:00;-5;0;70;15;-999
07591;2012-11-17 12:00:00;114;0;50;26;-999
07591;2012-11-17 18:00:00;40;0;30;15;-999
07591;2012-11-18 00:00:00;53;0;30;51;-999
07591;2012-11-18 06:00:00;46;0;20;41;-999
07591;2012-11-18 12:00:00;125;0;110;15;-999
07591;2012-11-18 18:00:00;45;0;360;10;-999
07591;2012-11-19 00:00:00;44;0;20;46;-999
07591;2012-11-19 06:00:00;31;0;30;51;-999
07591;2012-11-19 12:00:00;129;0;140;15;-999
07591;2012-11-19 18:00:00;83;0;60;26;-999
07591;2012-11-20 00:00:00;54;0;10;51;-999
07591;2012-11-20 06:00:00;48;0;20;72;-999
07591;2012-11-20 12:00:00;136;0;40;15;-999
07607;2012-11-13 18:00:00;40;0;80;31;102410
07607;2012-11-14 00:00:00;33;10;90;21;102290
07607;2012-11-14 06:00:00;22;45;80;21;102100
07607;2012-11-14 12:00:00;135;0;70;15;101970
07607;2012-11-14 18:00:00;97;0;80;5;101970
07607;2012-11-15 00:00:00;46;44;80;10;102020
07607;2012-11-15 06:00:00;41;0;80;15;102010
07607;2012-11-15 12:00:00;201;0;190;5;101900
07607;2012-11-15 18:00:00;136;0;90;10;101810
07607;2012-11-16 00:00:00;64;10;60;21;101720
07607;2012-11-16 06:00:00;54;10;90;21;101610
07607;2012-11-16 12:00:00;182;0;100;31;101490
07607;2012-11-16 18:00:00;107;0;70;15;101380
07607;2012-11-17 00:00:00;107;0;90;46;101220
07607;2012-11-17 06:00:00;97;10;90;21;100970
07607;2012-11-17 12:00:00;151;0;90;31;100840
07607;2012-11-17 18:00:00;124;0;70;21;100770
07607;2012-11-18 00:00:00;115;0;70;10;100900
07607;2012-11-18 06:00:00;104;10;0;0;100990
07607;2012-11-18 12:00:00;143;0;260;21;101170
07607;2012-11-18 18:00:00;125;0;240;26;101480
07607;2012-11-19 00:00:00;108;0;230;10;101590
07607;2012-11-19 06:00:00;88;0;180;10;101620
07607;2012-11-19 12:00:00;150;0;140;10;101580
07607;2012-11-19 18:00:00;79;0;80;15;101640
07607;2012-11-20 00:00:00;33;10;80;15;101690
07607;2012-11-20 06:00:00;12;10;80;21;101640
07607;2012-11-20 12:00:00;150;0;110;15;101460
07621;2012-11-13 18:00:00;78;0;20;26;102330
07621;2012-11-14 00:00:00;48;45;240;5;102240
07621;2012-11-14 06:00:00;30;0;150;5;102130
07621;2012-11-14 12:00:00;187;0;30;10;101850
07621;2012-11-14 18:00:00;98;0;180;21;102050
07621;2012-11-15 00:00:00;90;0;180;26;102090
07621;2012-11-15 06:00:00;60;0;200;31;102110
07621;2012-11-15 12:00:00;198;0;10;21;101820
07621;2012-11-15 18:00:00;122;0;230;15;101870
07621;2012-11-16 00:00:00;75;0;160;21;101770
07621;2012-11-16 06:00:00;88;0;170;36;101690
07621;2012-11-16 12:00:00;198;0;20;15;101400
07621;2012-11-16 18:00:00;103;0;190;5;101420
07621;2012-11-17 00:00:00;78;0;160;15;101320
07621;2012-11-17 06:00:00;82;0;170;26;100990
07621;2012-11-17 12:00:00;143;0;10;31;100780
07621;2012-11-17 18:00:00;88;0;210;10;100840
07621;2012-11-18 00:00:00;108;61;160;10;100890
07621;2012-11-18 06:00:00;103;61;200;31;101060
07621;2012-11-18 12:00:00;137;0;300;36;101190
07621;2012-11-18 18:00:00;100;0;260;41;101560
07621;2012-11-19 00:00:00;91;0;180;15;101670
07621;2012-11-19 06:00:00;85;0;200;10;101650
07621;2012-11-19 12:00:00;137;0;110;10;101540
07621;2012-11-19 18:00:00;72;0;210;21;101750
07621;2012-11-20 00:00:00;54;0;190;31;101750
07621;2012-11-20 06:00:00;48;0;180;26;101710
07621;2012-11-20 12:00:00;166;0;10;21;101410
07627;2012-11-13 18:00:00;79;-999;150;15;102350
07627;2012-11-14 00:00:00;35;-999;0;0;102300
07627;2012-11-14 06:00:00;23;2;110;5;102210
07627;2012-11-14 12:00:00;190;2;0;0;101850
07627;2012-11-14 18:00:00;98;-999;160;15;102070
07627;2012-11-15 00:00:00;51;-999;170;10;102220
07627;2012-11-15 06:00:00;50;2;0;0;102200
07627;2012-11-15 12:00:00;193;2;0;0;101800
07627;2012-11-15 18:00:00;105;-999;150;10;101930
07627;2012-11-16 00:00:00;86;-999;160;26;101840
07627;2012-11-16 06:00:00;43;11;0;0;101830
07627;2012-11-16 12:00:00;196;2;0;0;101370
07627;2012-11-16 18:00:00;110;-999;140;15;101420
07627;2012-11-17 00:00:00;75;-999;130;26;101350
07627;2012-11-17 06:00:00;76;-999;120;21;101100
07627;2012-11-17 12:00:00;148;2;140;26;100780
07627;2012-11-17 18:00:00;117;-999;130;21;100770
07627;2012-11-18 00:00:00;85;-999;260;5;100900
07627;2012-11-18 06:00:00;85;2;190;5;101050
07627;2012-11-18 12:00:00;125;51;330;5;101160
07627;2012-11-18 18:00:00;106;-999;300;26;101470
07627;2012-11-19 00:00:00;89;-999;0;0;101650
07627;2012-11-19 06:00:00;81;2;170;10;101660
07627;2012-11-19 12:00:00;115;2;60;15;101560
07627;2012-11-19 18:00:00;63;-999;130;10;101750
07627;2012-11-20 00:00:00;32;-999;170;21;101850
07627;2012-11-20 06:00:00;21;2;170;10;101850
07627;2012-11-20 12:00:00;156;2;270;5;101470
07630;2012-11-13 18:00:00;59;0;320;21;102440
07630;2012-11-14 00:00:00;42;10;280;15;102270
07630;2012-11-14 06:00:00;44;10;160;5;102180
07630;2012-11-14 12:00:00;181;0;120;82;102000
07630;2012-11-14 18:00:00;149;0;120;57;102090
07630;2012-11-15 00:00:00;120;0;140;41;102120
07630;2012-11-15 06:00:00;88;0;120;15;102110
07630;2012-11-15 12:00:00;180;0;140;26;101930
07630;2012-11-15 18:00:00;153;0;110;21;101860
07630;2012-11-16 00:00:00;102;0;140;26;101820
07630;2012-11-16 06:00:00;123;0;160;46;101750
07630;2012-11-16 12:00:00;156;0;130;62;101610
07630;2012-11-16 18:00:00;135;0;130;67;101490
07630;2012-11-17 00:00:00;139;0;120;57;101330
07630;2012-11-17 06:00:00;139;0;130;62;101090
07630;2012-11-17 12:00:00;162;0;130;67;100890
07630;2012-11-17 18:00:00;142;0;120;51;100850
07630;2012-11-18 00:00:00;138;0;110;36;100890
07630;2012-11-18 06:00:00;130;0;140;41;100980
07630;2012-11-18 12:00:00;134;0;170;26;101180
07630;2012-11-18 18:00:00;130;60;170;21;101380
07630;2012-11-19 00:00:00;118;0;260;41;101570
07630;2012-11-19 06:00:00;84;0;220;21;101650
07630;2012-11-19 12:00:00;130;0;320;10;101630
07630;2012-11-19 18:00:00;110;0;330;15;101720
07630;2012-11-20 00:00:00;55;10;170;15;101770
07630;2012-11-20 06:00:00;33;41;0;0;101810
07630;2012-11-20 12:00:00;83;0;50;21;101670
07643;2012-11-13 18:00:00;114;2;30;26;102380
07643;2012-11-14 00:00:00;100;0;20;36;102410
07643;2012-11-14 06:00:00;91;2;10;36;102270
07643;2012-11-14 12:00:00;172;2;80;10;102240
07643;2012-11-14 18:00:00;143;0;290;21;102210
07643;2012-11-15 00:00:00;98;0;20;15;102240
07643;2012-11-15 06:00:00;86;2;30;10;102180
07643;2012-11-15 12:00:00;156;2;150;21;102030
07643;2012-11-15 18:00:00;123;2;250;21;101980
07643;2012-11-16 00:00:00;94;0;40;15;101990
07643;2012-11-16 06:00:00;69;2;10;10;101930
07643;2012-11-16 12:00:00;137;0;60;21;101910
07643;2012-11-16 18:00:00;137;2;110;21;101800
07643;2012-11-17 00:00:00;138;0;110;46;101730
07643;2012-11-17 06:00:00;116;60;50;36;101500
07643;2012-11-17 12:00:00;110;21;40;51;101360
07643;2012-11-17 18:00:00;122;60;60;36;101280
07643;2012-11-18 00:00:00;113;0;30;41;101240
07643;2012-11-18 06:00:00;110;2;10;46;101170
07643;2012-11-18 12:00:00;140;2;10;41;101240
07643;2012-11-18 18:00:00;122;21;260;10;101330
07643;2012-11-19 00:00:00;92;2;10;15;101390
07643;2012-11-19 06:00:00;97;2;330;15;101410
07643;2012-11-19 12:00:00;158;2;90;21;101460
07643;2012-11-19 18:00:00;122;2;270;15;101530
07643;2012-11-20 00:00:00;81;0;300;21;101650
07643;2012-11-20 06:00:00;57;2;350;10;101680
07643;2012-11-20 12:00:00;158;2;150;15;101660
07650;2012-11-13 18:00:00;113;2;120;21;102260
07650;2012-11-14 00:00:00;107;0;120;15;102300
07650;2012-11-14 06:00:00;97;2;150;10;102190
07650;2012-11-14 12:00:00;163;2;330;10;102180
07650;2012-11-14 18:00:00;138;2;0;0;102200
07650;2012-11-15 00:00:00;96;0;100;10;102210
07650;2012-11-15 06:00:00;99;2;0;0;102130
07650;2012-11-15 12:00:00;165;2;210;10;102040
07650;2012-11-15 18:00:00;141;2;190;15;102000
07650;2012-11-16 00:00:00;125;0;230;5;101990
07650;2012-11-16 06:00:00;117;2;130;10;101910
07650;2012-11-16 12:00:00;164;2;260;31;101900
07650;2012-11-16 18:00:00;143;2;140;15;101830
07650;2012-11-17 00:00:00;123;0;80;31;101820
07650;2012-11-17 06:00:00;113;2;60;21;101610
07650;2012-11-17 12:00:00;166;2;120;41;101400
07650;2012-11-17 18:00:00;133;2;80;62;101280
07650;2012-11-18 00:00:00;122;0;80;72;101190
07650;2012-11-18 06:00:00;129;2;90;67;101090
07650;2012-11-18 12:00:00;170;2;70;41;101120
07650;2012-11-18 18:00:00;122;2;120;21;101260
07650;2012-11-19 00:00:00;85;0;0;0;101360
07650;2012-11-19 06:00:00;83;2;90;5;101350
07650;2012-11-19 12:00:00;143;2;260;26;101340
07650;2012-11-19 18:00:00;106;2;150;21;101470
07650;2012-11-20 00:00:00;68;0;140;26;101570
07650;2012-11-20 06:00:00;55;2;130;31;101600
07650;2012-11-20 12:00:00;156;2;0;0;101600
07661;2012-11-13 18:00:00;163;-999;50;87;102130
07661;2012-11-14 00:00:00;163;-999;60;57;102230
07661;2012-11-14 06:00:00;153;2;40;87;102040
07661;2012-11-14 12:00:00;175;2;50;108;102110
07661;2012-11-14 18:00:00;152;2;40;67;102150
07661;2012-11-15 00:00:00;128;-999;40;62;102170
07661;2012-11-15 06:00:00;113;-999;50;41;102140
07661;2012-11-15 12:00:00;151;-999;100;46;102030
07661;2012-11-15 18:00:00;138;2;170;15;101990
07661;2012-11-16 00:00:00;118;-999;50;26;101970
07661;2012-11-16 06:00:00;107;2;70;26;101930
07661;2012-11-16 12:00:00;148;2;-999;-999;101930
07661;2012-11-16 18:00:00;133;2;140;26;101880
07661;2012-11-17 00:00:00;103;-999;40;67;101850
07661;2012-11-17 06:00:00;88;2;50;62;101650
07661;2012-11-17 12:00:00;137;2;60;72;101460
07661;2012-11-17 18:00:00;119;2;40;98;101310
07661;2012-11-18 00:00:00;116;-999;40;82;101280
07661;2012-11-18 06:00:00;118;2;40;82;101120
07661;2012-11-18 12:00:00;151;2;60;87;101080
07661;2012-11-18 18:00:00;122;-999;40;46;101250
07661;2012-11-19 00:00:00;104;-999;310;31;101290
07661;2012-11-19 06:00:00;113;-999;310;31;101260
07661;2012-11-19 12:00:00;155;2;100;10;101280
07661;2012-11-19 18:00:00;139;2;290;26;101420
07661;2012-11-20 00:00:00;131;-999;310;36;101470
07661;2012-11-20 06:00:00;129;2;280;31;101530
07661;2012-11-20 12:00:00;165;-999;280;26;101560
07690;2012-11-13 18:00:00;153;2;330;41;102290
07690;2012-11-14 00:00:00;151;2;330;41;102300
07690;2012-11-14 06:00:00;138;2;330;41;102250
07690;2012-11-14 12:00:00;197;2;240;21;102160
07690;2012-11-14 18:00:00;158;2;320;15;102190
07690;2012-11-15 00:00:00;123;2;360;31;102220
07690;2012-11-15 06:00:00;107;2;330;51;102130
07690;2012-11-15 12:00:00;160;2;140;15;102040
07690;2012-11-15 18:00:00;152;2;190;15;102030
07690;2012-11-16 00:00:00;108;2;320;36;101980
07690;2012-11-16 06:00:00;95;2;330;51;101970
07690;2012-11-16 12:00:00;161;2;170;21;101990
07690;2012-11-16 18:00:00;135;2;320;15;101930
07690;2012-11-17 00:00:00;92;2;340;57;101950
07690;2012-11-17 06:00:00;74;2;340;57;101780
07690;2012-11-17 12:00:00;155;2;80;46;101590
07690;2012-11-17 18:00:00;105;2;330;41;101520
07690;2012-11-18 00:00:00;92;2;330;46;101440
07690;2012-11-18 06:00:00;84;2;340;57;101300
07690;2012-11-18 12:00:00;152;2;330;36;101230
07690;2012-11-18 18:00:00;107;2;340;57;101250
07690;2012-11-19 00:00:00;107;2;340;57;101270
07690;2012-11-19 06:00:00;104;2;340;62;101250
07690;2012-11-19 12:00:00;156;2;320;51;101290
07690;2012-11-19 18:00:00;116;2;330;62;101390
07690;2012-11-20 00:00:00;124;2;330;57;101430
07690;2012-11-20 06:00:00;105;2;340;62;101490
07690;2012-11-20 12:00:00;181;2;220;31;101500
07747;2012-11-13 18:00:00;137;2;300;10;102330
07747;2012-11-14 00:00:00;128;0;0;0;102360
07747;2012-11-14 06:00:00;123;2;250;15;102250
07747;2012-11-14 12:00:00;159;2;40;5;102250
07747;2012-11-14 18:00:00;141;2;330;10;102250
07747;2012-11-15 00:00:00;115;0;250;26;102250
07747;2012-11-15 06:00:00;86;2;240;21;102170
07747;2012-11-15 12:00:00;173;2;130;36;102020
07747;2012-11-15 18:00:00;127;2;360;26;101970
07747;2012-11-16 00:00:00;87;0;230;10;101940
07747;2012-11-16 06:00:00;114;2;0;0;101840
07747;2012-11-16 12:00:00;140;2;80;26;101790
07747;2012-11-16 18:00:00;139;10;10;15;101600
07747;2012-11-17 00:00:00;122;10;280;15;101430
07747;2012-11-17 06:00:00;88;10;250;31;101140
07747;2012-11-17 12:00:00;168;2;130;77;101010
07747;2012-11-17 18:00:00;150;2;130;41;101000
07747;2012-11-18 00:00:00;143;0;120;41;101050
07747;2012-11-18 06:00:00;145;21;110;57;100990
07747;2012-11-18 12:00:00;128;21;30;41;101210
07747;2012-11-18 18:00:00;124;2;240;15;101380
07747;2012-11-19 00:00:00;133;0;300;57;101420
07747;2012-11-19 06:00:00;134;2;320;57;101420
07747;2012-11-19 12:00:00;172;2;340;36;101440
07747;2012-11-19 18:00:00;127;2;220;21;101590
07747;2012-11-20 00:00:00;85;0;220;26;101680
07747;2012-11-20 06:00:00;54;2;240;10;101720
07747;2012-11-20 12:00:00;163;2;130;26;101630
07761;2012-11-13 18:00:00;173;2;90;5;101940
07761;2012-11-14 00:00:00;151;0;30;10;102100
07761;2012-11-14 06:00:00;140;2;50;31;101920
07761;2012-11-14 12:00:00;186;60;200;26;101940
07761;2012-11-14 18:00:00;160;1;40;21;101960
07761;2012-11-15 00:00:00;135;0;60;31;101920
07761;2012-11-15 06:00:00;130;2;50;26;101780
07761;2012-11-15 12:00:00;189;2;230;15;101760
07761;2012-11-15 18:00:00;165;2;190;21;101790
07761;2012-11-16 00:00:00;127;0;40;21;101770
07761;2012-11-16 06:00:00;100;2;50;41;101770
07761;2012-11-16 12:00:00;184;2;250;46;101770
07761;2012-11-16 18:00:00;133;2;40;21;101750
07761;2012-11-17 00:00:00;104;0;50;31;101770
07761;2012-11-17 06:00:00;80;2;40;31;101630
07761;2012-11-17 12:00:00;189;2;280;15;101410
07761;2012-11-17 18:00:00;127;2;40;26;101280
07761;2012-11-18 00:00:00;116;0;80;26;101180
07761;2012-11-18 06:00:00;105;2;50;41;101040
07761;2012-11-18 12:00:00;188;2;270;5;100940
07761;2012-11-18 18:00:00;137;2;30;26;100980
07761;2012-11-19 00:00:00;132;0;40;31;101010
07761;2012-11-19 06:00:00;130;2;50;31;101000
07761;2012-11-19 12:00:00;170;60;190;5;101060
07761;2012-11-19 18:00:00;147;1;60;15;101190
07761;2012-11-20 00:00:00;133;0;40;31;101290
07761;2012-11-20 06:00:00;117;2;50;21;101330
07761;2012-11-20 12:00:00;182;2;220;15;101460
07790;2012-11-13 18:00:00;179;2;0;0;102270
07790;2012-11-14 00:00:00;173;0;300;31;102320
07790;2012-11-14 06:00:00;153;2;290;15;102260
07790;2012-11-14 12:00:00;183;0;110;26;102190
07790;2012-11-14 18:00:00;143;2;230;10;102160
07790;2012-11-15 00:00:00;150;0;300;21;102160
07790;2012-11-15 06:00:00;131;2;300;26;102030
07790;2012-11-15 12:00:00;166;2;10;31;101900
07790;2012-11-15 18:00:00;101;2;220;21;101900
07790;2012-11-16 00:00:00;89;0;240;21;101850
07790;2012-11-16 06:00:00;65;2;210;26;101870
07790;2012-11-16 12:00:00;161;2;360;31;101860
07790;2012-11-16 18:00:00;97;2;230;15;101850
07790;2012-11-17 00:00:00;80;0;210;26;101810
07790;2012-11-17 06:00:00;82;0;210;31;101670
07790;2012-11-17 12:00:00;165;2;80;31;101520
07790;2012-11-17 18:00:00;104;2;220;15;101400
07790;2012-11-18 00:00:00;85;0;210;21;101340
07790;2012-11-18 06:00:00;98;2;210;21;101200
07790;2012-11-18 12:00:00;164;1;360;10;101110
07790;2012-11-18 18:00:00;142;60;260;15;101120
07790;2012-11-19 00:00:00;131;0;230;5;101100
07790;2012-11-19 06:00:00;143;62;300;15;101080
07790;2012-11-19 12:00:00;162;21;340;41;101150
07790;2012-11-19 18:00:00;152;2;310;26;101260
07790;2012-11-20 00:00:00;136;0;330;31;101310
07790;2012-11-20 06:00:00;122;2;240;21;101380
07790;2012-11-20 12:00:00;185;2;360;41;101460
